Workbook

Sheet 填写说明
B1: 生成质量双盲评审 · 一页说明
B3: 你在评什么
B4: 评审对象 | C4: docs/blind_review/生成质量盲评乐谱.pdf 里的 20 个匿名片段，每首都是**完整的**四声部众赞歌（SATB、无歌词），长度 13–22 小节不等（长度不构成线索，两组的长度分布相同）。
B5: 混合来源 | C5: 这批片段里有本系统生成��作品，也有人工作品（同体裁、同风格的时代作品），**配比不公布**。编号 A01–Axx 与来源无关，次序已随机打乱。
B6: 你要做两件事 | C6: ① 按 7 个维度给每个片段打 1–5 分；② 猜它是不是人工作品，并给置信度。
B7: 时间 | C7: 每条约 2–4 分钟，全程约 1 小时。可分工：按编号段拆分，但每人必须独立盲评。
B8: 配套音频 | C8: docs/blind_review/audio/ 下有同名 MIDI/WAV，可以先听再看谱，或只看谱。两种模态各评一次会更稳。
B9: 7 个打分维度（1–5 分）
B10: D1 旋律可记性 | C10: 1=完全无印象 3=有一句顺口 5=哼得出来
B11: D2 乐句呼吸 | C11: 1=通篇平铺无句读 3=句读可辨但不自然 5=呼吸自然、句法分明
B12: D3 和声功能清晰 | C12: 1=功能和声崩坏 3=大体可行但有怪处 5=功能清晰、进行可信
B13: D4 织体主次 | C13: 1=四声部各自为政 3=主次基本清楚 5=主旋律与内声部层次分明
B14: D5 体裁辨识度 | C14: 1=不像众赞歌 3=勉强像 5=一听就是十八世纪四部和声众赞歌
B15: D6 终止式说服力 | C15: 1=句尾站不住、看不出终止 3=有终止但说服力弱 5=终止式明确可信
B16: D7 声部进行正确性 | C16: 1=多处平行五八、声部交叉或超八度 3=偶有瑕疵 5=通篇合规
B17: 猜来源
B18: 是否人工作品 | C18: 人工作品 / 机器作品 / 不确定。为了使这一列有信息量，没把握就选「不确定」，不要每题都猜。
B19: 置信度 | C19: 1=纯蒙 3=有点感觉 5=非常有把握。
B20: 四条规矩
B21: ① 不要试图查出处 | C21: 不要去搜这段旋律、不要翻乐谱集、不要问别人。凭耳朵和眼睛。
B22: ② 备注必须引用谱面 | C22: 写明具体的成败之处，例如「第 5–6 小节女高与男高平行五度」「第 8 小节 V–i 但女高音落 5，不是完全正格终止」。只写「听起来怪」无效。
B23: ③ 质量与来源要分开 | C23: 打分评的是音乐本身好不好；猜来源评的是像不像人写的。两件事分开——机器作品也可能写得很好。
B24: ④ 别被编排痕迹误导 | C24: 所有片段已统一去掉标题、延长记号、歌词、反复记号，统一了谱号、声部名与音色。这些痕迹不能用来判断来源。
B25: ⑤ 每首都是完整的一首 | C25: 没有中途截断的片段：开头是第一完整小节，结尾停在原位主和弦，四声部都唱到最后。「看不完整」不是判断来源的依据。
B26: 多人怎么合
B27: 流程 | C27: 两人各自盲评全部 20 条 → 逐维度算平均绝对差；差值 >1 分的维度交换理由后重评；仍不一致则取均值并在备注标注分歧。
B28: 怎么读结果 | C28: ① 机器组的七个维度均分是否显著低于人类组；② 「猜来源」的命中率是否高于随机。若两者都接近随机，说明该体裁上机器产出已难以与人工作品区分。
B29: 交付 | C29: 填好的 生成质量盲评表.xlsx（每行必填；备注列不得留空）。

Sheet 评分表
A1: 编号 | B1: D1 旋律可记性 | C1: D2 乐句呼吸 | D1: D3 和声功能清晰 | E1: D4 织体主次 | F1: D5 体裁辨识度 | G1: D6 终止式说服力 | H1: D7 声部进行正确性 | I1: 平均分 | J1: 是否人工作品 | K1: 置信度 | L1: 备注（必须引用谱面具体小节）
A2: A01 | I2: =IF(COUNT(B2:H2)=7,ROUND(AVERAGE(B2:H2),2),"")
A3: A02 | I3: =IF(COUNT(B3:H3)=7,ROUND(AVERAGE(B3:H3),2),"")
A4: A03 | I4: =IF(COUNT(B4:H4)=7,ROUND(AVERAGE(B4:H4),2),"")
A5: A04 | I5: =IF(COUNT(B5:H5)=7,ROUND(AVERAGE(B5:H5),2),"")
A6: A05 | I6: =IF(COUNT(B6:H6)=7,ROUND(AVERAGE(B6:H6),2),"")
A7: A06 | I7: =IF(COUNT(B7:H7)=7,ROUND(AVERAGE(B7:H7),2),"")
A8: A07 | I8: =IF(COUNT(B8:H8)=7,ROUND(AVERAGE(B8:H8),2),"")
A9: A08 | I9: =IF(COUNT(B9:H9)=7,ROUND(AVERAGE(B9:H9),2),"")
A10: A09 | I10: =IF(COUNT(B10:H10)=7,ROUND(AVERAGE(B10:H10),2),"")
A11: A10 | I11: =IF(COUNT(B11:H11)=7,ROUND(AVERAGE(B11:H11),2),"")
A12: A11 | I12: =IF(COUNT(B12:H12)=7,ROUND(AVERAGE(B12:H12),2),"")
A13: A12 | I13: =IF(COUNT(B13:H13)=7,ROUND(AVERAGE(B13:H13),2),"")
... A21: A20 | I21: =IF(COUNT(B21:H21)=7,ROUND(AVERAGE(B21:H21),2),"")

Sheet 汇总
A1: 指标 | B1: 值
A2: 片段总数 | B2: 20
A3: 打分维度数 | B3: 7
A4: 通过线（量表版本 1） | B4: 4
A5: 平均分 ≥ 通过线的片段数 | B5: =COUNTIF(评分表!I2:I21,">="&B4)
A6: 猜「人工作品」的片段数 | B6: =COUNTIF(评分表!J2:J21,"人工作品")
A7: 猜「不确定」的片段数 | B7: =COUNTIF(评分表!J2:J21,"不确定")
A8: 平均置信度 | B8: =ROUND(AVERAGE(评分表!K2:K21),2)
A10: 各维度均值
A11: 旋律可记性 | B11: =ROUND(AVERAGE(评分表!B2:B21),2)
A12: 乐句呼吸 | B12: =ROUND(AVERAGE(评分表!C2:C21),2)
A13: 和声功能清晰 | B13: =ROUND(AVERAGE(评分表!D2:D21),2)
A14: 织体主次 | B14: =ROUND(AVERAGE(评分表!E2:E21),2)
A15: 体裁辨识度 | B15: =ROUND(AVERAGE(评分表!F2:F21),2)
A16: 终止式说服力 | B16: =ROUND(AVERAGE(评分表!G2:G21),2)
A17: 声部进行正确性 | B17: =ROUND(AVERAGE(评分表!H2:H21),2)
A19: 说明：本表只做描述统计。要回答「机器是否达到人类水平」，还需开封 _答案_评审后开封.json 后按来源分两组做配对检验。
